"Timestamp","Total score","What is your gender?","What is your gender? [Score]","What is your gender? [Feedback]","Do you think you like to exercise?","Do you think you like to exercise? [Score]","Do you think you like to exercise? [Feedback]","Do you exercise in your free time?","Do you exercise in your free time? [Score]","Do you exercise in your free time? [Feedback]","Are you satisfied with your current physical fitness?","Are you satisfied with your current physical fitness? [Score]","Are you satisfied with your current physical fitness? [Feedback]","How often do you go to the gym?","How often do you go to the gym? [Score]","How often do you go to the gym? [Feedback]","If you have worked out an exercise plan, did you implement it in the end?","If you have worked out an exercise plan, did you implement it in the end? [Score]","If you have worked out an exercise plan, did you implement it in the end? [Feedback]","Is physical exercise important to you?","Is physical exercise important to you? [Score]","Is physical exercise important to you? [Feedback]","What is the purpose of your exercise?","What is the purpose of your exercise? [Score]","What is the purpose of your exercise? [Feedback]","Where do you usually exercise?","Where do you usually exercise? [Score]","Where do you usually exercise? [Feedback]"
"2020/03/30 6:12:45 PM AST","0.00 / 0","Female","-- / 0","","No","-- / 0","","No","-- / 0","","Neutral","-- / 0","","Rarely","-- / 0","","Tried and ended","-- / 0","","Doesn't matter","-- / 0","","Lose weight","-- / 0","","At home","-- / 0",""
"2020/03/30 6:21:57 PM AST","0.00 / 0","Female","-- / 0","","Yes","-- / 0","","Yes, I have been exercising for a long time","-- / 0","","Very satisfied","-- / 0","","Always. I go to the gym everyday.","-- / 0","","Keep planning","-- / 0","","Very important","-- / 0","","Lose weight","-- / 0","","Gym","-- / 0",""
"2020/03/30 6:38:19 PM AST","0.00 / 0","Female","-- / 0","","No","-- / 0","","Yes, I exercise occasionally","-- / 0","","Neutral","-- / 0","","Somtimes. I go to the gym once a month.","-- / 0","","Keep planning","-- / 0","","Very important","-- / 0","","Lose weight","-- / 0","","Gym","-- / 0",""
"2020/03/30 7:53:49 PM AST","0.00 / 0","Male","-- / 0","","No","-- / 0","","Yes, I have been exercising for a long time","-- / 0","","Very satisfied","-- / 0","","Always. I go to the gym everyday.","-- / 0","","Keep planning","-- / 0","","General","-- / 0","","Build muscle","-- / 0","","At home","-- / 0",""
"2020/03/30 7:57:24 PM AST","0.00 / 0","Male","-- / 0","","Yes","-- / 0","","Yes, I have been exercising for a long time","-- / 0","","Neutral","-- / 0","","Rarely","-- / 0","","Keep planning","-- / 0","","Important","-- / 0","","As a hobby","-- / 0","","At home","-- / 0",""
"2020/03/30 8:17:48 PM AST","0.00 / 0","Female","-- / 0","","Yes","-- / 0","","Yes, I exercise occasionally","-- / 0","","Neutral","-- / 0","","Often. I go the gym once or twice a week","-- / 0","","Tried and ended","-- / 0","","Important","-- / 0","","Keep fit","-- / 0","","At home","-- / 0",""
"2020/03/30 10:28:14 PM AST","0.00 / 0","Male","-- / 0","","No","-- / 0","","No","-- / 0","","Unsatisfied","-- / 0","","Rarely","-- / 0","","Tried and ended","-- / 0","","Important","-- / 0","","Keep fit","-- / 0","","At home","-- / 0",""
"2020/03/31 3:19:27 PM AST","0.00 / 0","Male","-- / 0","","Yes","-- / 0","","Yes, I have been exercising for a long time","-- / 0","","Satisfied","-- / 0","","Often. I go the gym once or twice a week","-- / 0","","Keep planning","-- / 0","","Important","-- / 0","","Keep fit","-- / 0","","Outdoor","-- / 0",""